Handle,Title,Body (HTML),Vendor,Type,Tags,Published,Option1 Name,Option1 Value,Variant SKU,Variant Price,Variant Inventory Qty,Variant Inventory Policy,Variant Fulfillment Service,Status
126610ln-146,Rolex Submariner Date 126610LN,"<p>Pre-Owned Full Set with box, papers and warranty card.</p><p>Authenticity guaranteed. Ships FedEx Priority Overnight, fully insured, signature required.</p>",Rolex,Watch,"Rolex,Submariner Date,Pre-Owned,Full Set",TRUE,Title,Default Title,OW-146,,1,deny,manual,active
126713grnr-145,Rolex 126713GRNR Zombie,"<p>Pre-Owned Full Set with box, papers and warranty card.</p><p>Authenticity guaranteed. Ships FedEx Priority Overnight, fully insured, signature required.</p>",Rolex,Watch,"Rolex,Pre-Owned,Full Set",TRUE,Title,Default Title,OW-145,23000.0,1,deny,manual,active
126234-144,Rolex Datejust 36 126234 Black Diamond,"<p>Pre-Owned Full Set with box, papers and warranty card.</p><p>Card Date: 20 March 2026</p><p>Serial: 4YXX</p><p>Authenticity guaranteed. Ships FedEx Priority Overnight, fully insured, signature required.</p>",Rolex,Watch,"Rolex,Datejust 36,Pre-Owned,Full Set",TRUE,Title,Default Title,OW-144,,1,deny,manual,active
126284rbr-143,Rolex 126284RBR MOP,"<p>Pre-Owned Full Set with box, papers and warranty card.</p><p>Card Date: 20 March 2026</p><p>Serial: H2XX</p><p>Authenticity guaranteed. Ships FedEx Priority Overnight, fully insured, signature required.</p>",Rolex,Watch,"Rolex,Pre-Owned,Full Set",TRUE,Title,Default Title,OW-143,23500.0,1,deny,manual,active
126300-142,Rolex 126300 Green,"<p>Pre-Owned Full Set with box, papers and warranty card.</p><p>Card Date: 20 March 2026</p><p>Serial: 5UXX</p><p>Authenticity guaranteed. Ships FedEx Priority Overnight, fully insured, signature required.</p>",Rolex,Watch,"Rolex,Pre-Owned,Full Set",TRUE,Title,Default Title,OW-142,12400.0,1,deny,manual,active
126234-141,Rolex Datejust 36 126234 Wimbledon,"<p>Pre-Owned Full Set with box, papers and warranty card.</p><p>Authenticity guaranteed. Ships FedEx Priority Overnight, fully insured, signature required.</p>",Rolex,Watch,"Rolex,Datejust 36,Pre-Owned,Full Set",TRUE,Title,Default Title,OW-141,,1,deny,manual,active
277200-140,Rolex 277200 Tiffany,"<p>Pre-Owned Full Set with box, papers and warranty card.</p><p>Authenticity guaranteed. Ships FedEx Priority Overnight, fully insured, signature required.</p>",Rolex,Watch,"Rolex,Pre-Owned,Full Set",TRUE,Title,Default Title,OW-140,10800.0,1,deny,manual,active
-139,Rolex RM 67-01 Titanium 2025,"<p>Pre-Owned Full Set with box, papers and warranty card.</p><p>Authenticity guaranteed. Ships FedEx Priority Overnight, fully insured, signature required.</p>",Rolex,Watch,"Rolex,Pre-Owned,Full Set",TRUE,Title,Default Title,OW-139,,1,deny,manual,active
126234-138,Rolex Datejust 36 126234 Black Diamond,"<p>Pre-Owned Full Set with box, papers and warranty card.</p><p>Authenticity guaranteed. Ships FedEx Priority Overnight, fully insured, signature required.</p>",Rolex,Watch,"Rolex,Datejust 36,Pre-Owned,Full Set",TRUE,Title,Default Title,OW-138,14400.0,1,deny,manual,active
134300-136,Rolex Oyster Perpetual 41 134300 Silver,"<p>Pre-Owned Full Set with box, papers and warranty card.</p><p>Authenticity guaranteed. Ships FedEx Priority Overnight, fully insured, signature required.</p>",Rolex,Watch,"Rolex,Oyster Perpetual 41,Pre-Owned,Full Set",TRUE,Title,Default Title,OW-136,9500.0,1,deny,manual,active
336934-135,Rolex 336934 Black,"<p>Pre-Owned Full Set with box, papers and warranty card.</p><p>Card Date: 03/10/2026</p><p>Serial: 68XX</p><p>Authenticity guaranteed. Ships FedEx Priority Overnight, fully insured, signature required.</p>",Rolex,Watch,"Rolex,Pre-Owned,Full Set",TRUE,Title,Default Title,OW-135,23000.0,1,deny,manual,active
134300-134,Rolex Oyster Perpetual 41 134300 Black,"<p>Pre-Owned Full Set with box, papers and warranty card.</p><p>Card Date: 03/11/2026</p><p>Serial: 1UXX</p><p>Authenticity guaranteed. Ships FedEx Priority Overnight, fully insured, signature required.</p>",Rolex,Watch,"Rolex,Oyster Perpetual 41,Pre-Owned,Full Set",TRUE,Title,Default Title,OW-134,10200.0,1,deny,manual,active
134300-133,Rolex Oyster Perpetual 41 134300 Black,"<p>Pre-Owned Full Set with box, papers and warranty card.</p><p>Card Date: 03/09/2026</p><p>Serial: 2UXX</p><p>Authenticity guaranteed. Ships FedEx Priority Overnight, fully insured, signature required.</p>",Rolex,Watch,"Rolex,Oyster Perpetual 41,Pre-Owned,Full Set",TRUE,Title,Default Title,OW-133,10200.0,1,deny,manual,active
278273-132,Rolex 278273 Green Diamond,"<p>Pre-Owned Full Set with box, papers and warranty card.</p><p>Card Date: 03/2026</p><p>Authenticity guaranteed. Ships FedEx Priority Overnight, fully insured, signature required.</p>",Rolex,Watch,"Rolex,Pre-Owned,Full Set",TRUE,Title,Default Title,OW-132,22000.0,1,deny,manual,active
116710blnr-130,Rolex 116710BLNR Pre-Owned Batman,"<p>Pre-Owned Full Set with box, papers and warranty card.</p><p>Card Date: August 2016</p><p>Serial: 7WXX</p><p>Authenticity guaranteed. Ships FedEx Priority Overnight, fully insured, signature required.</p>",Rolex,Watch,"Rolex,Pre-Owned,Full Set",TRUE,Title,Default Title,OW-130,14400.0,1,deny,manual,active
-127,Rolex NOS 278240 Dark Grey Stick 2022,"<p>Pre-Owned Full Set with box, papers and warranty card.</p><p>Card Date: 06/21/2022</p><p>Serial: 60XX</p><p>Authenticity guaranteed. Ships FedEx Priority Overnight, fully insured, signature required.</p>",Rolex,Watch,"Rolex,Pre-Owned,Full Set",TRUE,Title,Default Title,OW-127,8000.0,1,deny,manual,active
214270-126,Rolex 214270 Pre-Owned,"<p>Pre-Owned Full Set with box, papers and warranty card.</p><p>Serial: F0XX</p><p>Authenticity guaranteed. Ships FedEx Priority Overnight, fully insured, signature required.</p>",Rolex,Watch,"Rolex,Pre-Owned,Full Set",TRUE,Title,Default Title,OW-126,7200.0,1,deny,manual,active
-124,Rolex Like New 224270,"<p>Pre-Owned Full Set with box, papers and warranty card.</p><p>Card Date: 11 January 2025</p><p>Serial: 8UXX</p><p>Authenticity guaranteed. Ships FedEx Priority Overnight, fully insured, signature required.</p>",Rolex,Watch,"Rolex,Pre-Owned,Full Set",TRUE,Title,Default Title,OW-124,8400.0,1,deny,manual,active
126900-123,Rolex 126900,"<p>Pre-Owned Full Set with box, papers and warranty card.</p><p>Card Date: 8 March 2026</p><p>Serial: J7XX</p><p>Authenticity guaranteed. Ships FedEx Priority Overnight, fully insured, signature required.</p>",Rolex,Watch,"Rolex,Pre-Owned,Full Set",TRUE,Title,Default Title,OW-123,9450.0,1,deny,manual,active
126334-121,Rolex Datejust 41 126334 Grey Diamond,"<p>Pre-Owned Full Set with box, papers and warranty card.</p><p>Card Date: 16 March 2026</p><p>Serial: 03XX</p><p>Authenticity guaranteed. Ships FedEx Priority Overnight, fully insured, signature required.</p>",Rolex,Watch,"Rolex,Datejust 41,Pre-Owned,Full Set",TRUE,Title,Default Title,OW-121,20000.0,1,deny,manual,active
126334-120,Rolex Datejust 41 126334 Blue Diamond,"<p>Pre-Owned Full Set with box, papers and warranty card.</p><p>Card Date: 19 February 2026</p><p>Serial: 14XX</p><p>Authenticity guaranteed. Ships FedEx Priority Overnight, fully insured, signature required.</p>",Rolex,Watch,"Rolex,Datejust 41,Pre-Owned,Full Set",TRUE,Title,Default Title,OW-120,17500.0,1,deny,manual,active
278383rbr-119,Rolex 278383RBR Green Roman,"<p>Pre-Owned Full Set with box, papers and warranty card.</p><p>Card Date: February 19, 2026</p><p>Serial: 2TXX</p><p>Authenticity guaranteed. Ships FedEx Priority Overnight, fully insured, signature required.</p>",Rolex,Watch,"Rolex,Pre-Owned,Full Set",TRUE,Title,Default Title,OW-119,27500.0,1,deny,manual,active
126000-118,Rolex 126000 Silver,"<p>Pre-Owned Full Set with box, papers and warranty card.</p><p>Card Date: March 4, 2026</p><p>Serial: 91XX</p><p>Authenticity guaranteed. Ships FedEx Priority Overnight, fully insured, signature required.</p>",Rolex,Watch,"Rolex,Pre-Owned,Full Set",TRUE,Title,Default Title,OW-118,9000.0,1,deny,manual,active
228238-117,Rolex Day-Date 40 228238 Green Roman,"<p>Pre-Owned Full Set with box, papers and warranty card.</p><p>Authenticity guaranteed. Ships FedEx Priority Overnight, fully insured, signature required.</p>",Rolex,Watch,"Rolex,Day-Date 40,Pre-Owned,Full Set",TRUE,Title,Default Title,OW-117,63500.0,1,deny,manual,active
126710grnr-114,Rolex GMT-Master II 126710GRNR,"<p>Pre-Owned Full Set with box, papers and warranty card.</p><p>Card Date: 18 March 2026</p><p>Serial: 6JXX</p><p>Authenticity guaranteed. Ships FedEx Priority Overnight, fully insured, signature required.</p>",Rolex,Watch,"Rolex,GMT-Master II,Pre-Owned,Full Set",TRUE,Title,Default Title,OW-114,21800.0,1,deny,manual,active
126300-111,Rolex 126300 Green,"<p>Pre-Owned Full Set with box, papers and warranty card.</p><p>Authenticity guaranteed. Ships FedEx Priority Overnight, fully insured, signature required.</p>",Rolex,Watch,"Rolex,Pre-Owned,Full Set",TRUE,Title,Default Title,OW-111,,1,deny,manual,active
278273-109,Rolex 278273 Green Diamond,"<p>Pre-Owned Full Set with box, papers and warranty card.</p><p>Card Date: February 28, 2026</p><p>Serial: 3MXX</p><p>Authenticity guaranteed. Ships FedEx Priority Overnight, fully insured, signature required.</p>",Rolex,Watch,"Rolex,Pre-Owned,Full Set",TRUE,Title,Default Title,OW-109,22500.0,1,deny,manual,active
278273-106,Rolex 278273 Grey Roman VI,"<p>Pre-Owned Full Set with box, papers and warranty card.</p><p>Card Date: 9 MARCH 2026</p><p>Serial: SLXX</p><p>Authenticity guaranteed. Ships FedEx Priority Overnight, fully insured, signature required.</p>",Rolex,Watch,"Rolex,Pre-Owned,Full Set",TRUE,Title,Default Title,OW-106,17400.0,1,deny,manual,active
278271-104,Rolex Datejust 31 278271 Chocolate Diamond,"<p>Pre-Owned Full Set with box, papers and warranty card.</p><p>Card Date: 11.02.2026</p><p>Serial: 06XX</p><p>Authenticity guaranteed. Ships FedEx Priority Overnight, fully insured, signature required.</p>",Rolex,Watch,"Rolex,Datejust 31,Pre-Owned,Full Set",TRUE,Title,Default Title,OW-104,21500.0,1,deny,manual,active
126613lb-103,Rolex 126613LB Blue,"<p>Pre-Owned Full Set with box, papers and warranty card.</p><p>Serial: 32XX</p><p>Authenticity guaranteed. Ships FedEx Priority Overnight, fully insured, signature required.</p>",Rolex,Watch,"Rolex,Pre-Owned,Full Set",TRUE,Title,Default Title,OW-103,20800.0,1,deny,manual,active
278271-102,Rolex Datejust 31 278271 Chocolate Diamond,"<p>Pre-Owned Full Set with box, papers and warranty card.</p><p>Card Date: March 9, 2026</p><p>Serial: 82XX</p><p>Authenticity guaranteed. Ships FedEx Priority Overnight, fully insured, signature required.</p>",Rolex,Watch,"Rolex,Datejust 31,Pre-Owned,Full Set",TRUE,Title,Default Title,OW-102,21500.0,1,deny,manual,active
126300-100,Rolex 126300 Green,"<p>Pre-Owned Full Set with box, papers and warranty card.</p><p>Authenticity guaranteed. Ships FedEx Priority Overnight, fully insured, signature required.</p>",Rolex,Watch,"Rolex,Pre-Owned,Full Set",TRUE,Title,Default Title,OW-100,,1,deny,manual,active
126710grnr-99,Rolex GMT-Master II 126710GRNR Bruce Wayne,"<p>Pre-Owned Full Set with box, papers and warranty card.</p><p>Card Date: 6 March 2026</p><p>Serial: U3XX</p><p>Authenticity guaranteed. Ships FedEx Priority Overnight, fully insured, signature required.</p>",Rolex,Watch,"Rolex,GMT-Master II,Pre-Owned,Full Set",TRUE,Title,Default Title,OW-99,21800.0,1,deny,manual,active
336934-98,Rolex 336934 Green,"<p>Pre-Owned Full Set with box, papers and warranty card.</p><p>Serial: 0YXX</p><p>Authenticity guaranteed. Ships FedEx Priority Overnight, fully insured, signature required.</p>",Rolex,Watch,"Rolex,Pre-Owned,Full Set",TRUE,Title,Default Title,OW-98,27000.0,1,deny,manual,active
126610lv-93,Rolex Submariner Date 126610LV,"<p>Pre-Owned Full Set with box, papers and warranty card.</p><p>Card Date: March 8, 2026</p><p>Serial: T8XX</p><p>Authenticity guaranteed. Ships FedEx Priority Overnight, fully insured, signature required.</p>",Rolex,Watch,"Rolex,Submariner Date,Pre-Owned,Full Set",TRUE,Title,Default Title,OW-93,15300.0,1,deny,manual,active
126710grnr-91,Rolex GMT-Master II 126710GRNR,"<p>Pre-Owned Full Set with box, papers and warranty card.</p><p>Card Date: 7 March 2026</p><p>Serial: TNXX</p><p>Authenticity guaranteed. Ships FedEx Priority Overnight, fully insured, signature required.</p>",Rolex,Watch,"Rolex,GMT-Master II,Pre-Owned,Full Set",TRUE,Title,Default Title,OW-91,21800.0,1,deny,manual,active
126610lv-88,Rolex Submariner Date 126610LV,"<p>Pre-Owned Full Set with box, papers and warranty card.</p><p>Card Date: February 28, 2026</p><p>Serial: 67XX</p><p>Authenticity guaranteed. Ships FedEx Priority Overnight, fully insured, signature required.</p>",Rolex,Watch,"Rolex,Submariner Date,Pre-Owned,Full Set",TRUE,Title,Default Title,OW-88,15300.0,1,deny,manual,active
124200-86,Rolex 124200 Pistachio,"<p>Pre-Owned Full Set with box, papers and warranty card.</p><p>Authenticity guaranteed. Ships FedEx Priority Overnight, fully insured, signature required.</p>",Rolex,Watch,"Rolex,Pre-Owned,Full Set",TRUE,Title,Default Title,OW-86,8200.0,1,deny,manual,active
276200-85,Rolex Oyster Perpetual 36 276200 Silver,"<p>Pre-Owned Full Set with box, papers and warranty card.</p><p>Card Date: 16.12.2025</p><p>Serial: 6PXX</p><p>Authenticity guaranteed. Ships FedEx Priority Overnight, fully insured, signature required.</p>",Rolex,Watch,"Rolex,Oyster Perpetual 36,Pre-Owned,Full Set",TRUE,Title,Default Title,OW-85,7450.0,1,deny,manual,active
278274-83,Rolex Datejust 31 278274 Pink Diamond,"<p>Pre-Owned Full Set with box, papers and warranty card.</p><p>Card Date: December 16, 2025</p><p>Serial: 58XX</p><p>Authenticity guaranteed. Ships FedEx Priority Overnight, fully insured, signature required.</p>",Rolex,Watch,"Rolex,Datejust 31,Pre-Owned,Full Set",TRUE,Title,Default Title,OW-83,16500.0,1,deny,manual,active
228238-81,Rolex Day-Date 40 228238 Black Diamond Baguette,"<p>Pre-Owned Full Set with box, papers and warranty card.</p><p>Authenticity guaranteed. Ships FedEx Priority Overnight, fully insured, signature required.</p>",Rolex,Watch,"Rolex,Day-Date 40,Pre-Owned,Full Set",TRUE,Title,Default Title,OW-81,74500.0,1,deny,manual,active
277200-80,Rolex 277200 Beige,"<p>Pre-Owned Full Set with box, papers and warranty card.</p><p>Authenticity guaranteed. Ships FedEx Priority Overnight, fully insured, signature required.</p>",Rolex,Watch,"Rolex,Pre-Owned,Full Set",TRUE,Title,Default Title,OW-80,8500.0,1,deny,manual,active
126710grnr-79,Rolex GMT-Master II 126710GRNR,"<p>Pre-Owned Full Set with box, papers and warranty card.</p><p>Card Date: 13 February 2026</p><p>Serial: 38XX</p><p>Authenticity guaranteed. Ships FedEx Priority Overnight, fully insured, signature required.</p>",Rolex,Watch,"Rolex,GMT-Master II,Pre-Owned,Full Set",TRUE,Title,Default Title,OW-79,21600.0,1,deny,manual,active
15550st-75,Rolex 15550ST Grey,"<p>Pre-Owned Full Set with box, papers and warranty card.</p><p>Authenticity guaranteed. Ships FedEx Priority Overnight, fully insured, signature required.</p>",Rolex,Watch,"Rolex,Pre-Owned,Full Set",TRUE,Title,Default Title,OW-75,46500.0,1,deny,manual,active
126233-74,Rolex 126233 Green Roman VI IX Diamond,"<p>Pre-Owned Full Set with box, papers and warranty card.</p><p>Card Date: February 26, 2026</p><p>Serial: 79XX</p><p>Authenticity guaranteed. Ships FedEx Priority Overnight, fully insured, signature required.</p>",Rolex,Watch,"Rolex,Pre-Owned,Full Set",TRUE,Title,Default Title,OW-74,20900.0,1,deny,manual,active
126334-73,Rolex Datejust 41 126334 Blue Roman,"<p>Pre-Owned Full Set with box, papers and warranty card.</p><p>Authenticity guaranteed. Ships FedEx Priority Overnight, fully insured, signature required.</p>",Rolex,Watch,"Rolex,Datejust 41,Pre-Owned,Full Set",TRUE,Title,Default Title,OW-73,14500.0,1,deny,manual,active
134300-72,Rolex Oyster Perpetual 41 134300 Black,"<p>Pre-Owned Full Set with box, papers and warranty card.</p><p>Serial: Z2XX</p><p>Authenticity guaranteed. Ships FedEx Priority Overnight, fully insured, signature required.</p>",Rolex,Watch,"Rolex,Oyster Perpetual 41,Pre-Owned,Full Set",TRUE,Title,Default Title,OW-72,9800.0,1,deny,manual,active
127234-71,Rolex 127234 White,"<p>Pre-Owned Full Set with box, papers and warranty card.</p><p>Card Date: 28 February 2026</p><p>Serial: T3XX</p><p>Authenticity guaranteed. Ships FedEx Priority Overnight, fully insured, signature required.</p>",Rolex,Watch,"Rolex,Pre-Owned,Full Set",TRUE,Title,Default Title,OW-71,21800.0,1,deny,manual,active
126300-68,Rolex 126300 White Stick,"<p>Pre-Owned Full Set with box, papers and warranty card.</p><p>Card Date: 2/1/2026</p><p>Serial: N5XX</p><p>Authenticity guaranteed. Ships FedEx Priority Overnight, fully insured, signature required.</p>",Rolex,Watch,"Rolex,Pre-Owned,Full Set",TRUE,Title,Default Title,OW-68,11100.0,1,deny,manual,active
126518ln-67,Rolex Daytona 126518LN Black,"<p>Pre-Owned Full Set with box, papers and warranty card.</p><p>Card Date: 9/15/2025</p><p>Serial: 54XX</p><p>Authenticity guaranteed. Ships FedEx Priority Overnight, fully insured, signature required.</p>",Rolex,Watch,"Rolex,Daytona,Pre-Owned,Full Set",TRUE,Title,Default Title,OW-67,52000.0,1,deny,manual,active
124200-62,Rolex 124200 Black,"<p>Pre-Owned Full Set with box, papers and warranty card.</p><p>Card Date: 19 December 2025</p><p>Authenticity guaranteed. Ships FedEx Priority Overnight, fully insured, signature required.</p>",Rolex,Watch,"Rolex,Pre-Owned,Full Set",TRUE,Title,Default Title,OW-62,8400.0,1,deny,manual,active
278274-54,Rolex Datejust 31 278274 Silver Stick,"<p>Pre-Owned Full Set with box, papers and warranty card.</p><p>Serial: 80XX</p><p>Authenticity guaranteed. Ships FedEx Priority Overnight, fully insured, signature required.</p>",Rolex,Watch,"Rolex,Datejust 31,Pre-Owned,Full Set",TRUE,Title,Default Title,OW-54,12450.0,1,deny,manual,active
278274-53,Rolex Datejust 31 278274 Pink Roman,"<p>Pre-Owned Full Set with box, papers and warranty card.</p><p>Card Date: 30 January 2026</p><p>Serial: ANXX</p><p>Authenticity guaranteed. Ships FedEx Priority Overnight, fully insured, signature required.</p>",Rolex,Watch,"Rolex,Datejust 31,Pre-Owned,Full Set",TRUE,Title,Default Title,OW-53,13500.0,1,deny,manual,active
228238-51,Rolex Day-Date 40 228238 Money Casino Green,"<p>Pre-Owned Full Set with box, papers and warranty card.</p><p>Card Date: February 23, 2026</p><p>Serial: 2SXX</p><p>Authenticity guaranteed. Ships FedEx Priority Overnight, fully insured, signature required.</p>",Rolex,Watch,"Rolex,Day-Date 40,Pre-Owned,Full Set",TRUE,Title,Default Title,OW-51,63750.0,1,deny,manual,active
